{"cameraMode":{"drawMode":0,"name":"Shaded","section":"Shading Mode"},"sceneLighting":false,"audioPlay":false,"sceneViewState":{"showFog":true,"showMaterialUpdate":false,"showSkybox":true,"showFlares":true,"showImageEffects":true,"showParticleSystems":true},"in2DMode":false,"pivot":{"x":0.7864847183227539,"y":0.45683085918426516,"z":0.7158942222595215},"rotation":{"x":0.05137992277741432,"y":0.880231499671936,"z":-0.09849653393030167,"w":0.46157488226890566},"size":8.897574424743653,"orthographic":false}