{"cameraMode":{"drawMode":0,"name":"Shaded","section":"Shading Mode"},"sceneLighting":false,"audioPlay":false,"sceneViewState":{"showFog":true,"showMaterialUpdate":false,"showSkybox":true,"showFlares":true,"showImageEffects":true,"showParticleSystems":true},"in2DMode":false,"pivot":{"x":-1.038916826248169,"y":0.058371663093566897,"z":-0.0004327502101659775},"rotation":{"x":0.010527259670197964,"y":-0.9642795920372009,"z":0.2625136971473694,"w":0.03730421140789986},"size":1.1091543436050416,"orthographic":false}