{"cameraMode":{"drawMode":0,"name":"Shaded","section":"Shading Mode"},"sceneLighting":false,"audioPlay":false,"sceneViewState":{"showFog":true,"showMaterialUpdate":false,"showSkybox":true,"showFlares":true,"showImageEffects":true,"showParticleSystems":true},"in2DMode":false,"pivot":{"x":-1.0668472051620484,"y":0.4735063910484314,"z":23.59404754638672},"rotation":{"x":0.0032186780590564014,"y":-0.977156400680542,"z":0.01435315515846014,"w":0.212273970246315},"size":2.6588900089263918,"orthographic":false}