{"cameraMode":{"drawMode":0,"name":"Shaded","section":"Shading Mode"},"sceneLighting":false,"audioPlay":false,"sceneViewState":{"showFog":true,"showMaterialUpdate":false,"showSkybox":true,"showFlares":true,"showImageEffects":true,"showParticleSystems":true},"in2DMode":false,"pivot":{"x":12.324366569519043,"y":0.17000001668930055,"z":27.785934448242189},"rotation":{"x":0.028922485187649728,"y":0.9709311723709106,"z":-0.17161743342876435,"w":0.16494105756282807},"size":2.8578836917877199,"orthographic":false}